fajl_kod;tipus;allapot
XAOSFASOGJ;konyv;letoltve
IOEGHGIHAS;film;megszakadt
HIAOGNAKLS;jatek;letoltve
OAMALMALMA;zene;letoltve
ASIHGOASGH;jatek;letoltve
YXNVIOANEE;konyv;letoltve
OAISNVKLYA;film;megszakadt
NFANASOFIQ;film;letoltve
QWRUPQWORK;sorozat;letoltve
AIHFNYKLXV;konyv;megszakadt
ANIGOEQBWG;jatek;letoltve
IHQWBGJLSA;film;letoltve
ASIOFNASKL;konyv;megszakadt
OAWPJQIOWB;film;letoltve
LMMLAKAPOW;sorozat;letoltve
AUSFBXLYVJ;konyv;megszakadt
YBVPAIEGKK;zene;letoltve
BYXKQIWOTT;jatek;letoltve
BYCXLAHIFO;film;letoltve
BVBASOUHWG;film;megszakadt
ABSUFBYXYM;konyv;letoltve
ZQPZQZPQAA;program;letoltve
YMXNAHWIOW;jatek;letoltve
QOWUHSMYOA;film;megszakadt
ABSBYICMYI;jatek;letoltve
YXNVLKNQOE;jatek;letoltve
NYXLJNYIYS;film;letoltve
ANCYHIOAHW;jatek;letoltve
ASIFNNYYAA;film;megszakadt
QWPRIKLMSA;zene;megszakadt
YAWOUFQJOT;film;letoltve
AIWRUQPWRQ;jatek;letoltve
OQIWTHASHL;konyv;letoltve
YASNIFOWQL;film;megszakadt
